<ImportExportXml version="9.2.25035.206" SolutionPackageVersion="9.2" languagecode="1033" generatedBy="CrmLive" xmlns:xsi="http://www.w3.org/2001/XMLSchema-instance" OrganizationVersion="9.2.25035.206" OrganizationSchemaType="Standard" CRMServerServiceabilityVersion="9.2.25035.00214">
  <SolutionManifest>
    <UniqueName>PPUGMar25</UniqueName>
    <LocalizedNames>
      <LocalizedName description="PPUGMar25" languagecode="1033" />
    </LocalizedNames>
    <Descriptions />
    <Version>1.0.0.1</Version>
    <Managed>0</Managed>
    <Publisher>
      <UniqueName>AndrewWolfe</UniqueName>
      <LocalizedNames>
        <LocalizedName description="Andrew Wolfe" languagecode="1033" />
      </LocalizedNames>
      <Descriptions />
      <EMailAddress xsi:nil="true"></EMailAddress>
      <SupportingWebsiteUrl xsi:nil="true"></SupportingWebsiteUrl>
      <CustomizationPrefix>aaw</CustomizationPrefix>
      <CustomizationOptionValuePrefix>74567</CustomizationOptionValuePrefix>
      <Addresses>
        <Address>
          <AddressNumber>1</AddressNumber>
          <AddressTypeCode>1</AddressTypeCode>
          <City xsi:nil="true"></City>
          <County xsi:nil="true"></County>
          <Country xsi:nil="true"></Country>
          <Fax xsi:nil="true"></Fax>
          <FreightTermsCode xsi:nil="true"></FreightTermsCode>
          <ImportSequenceNumber xsi:nil="true"></ImportSequenceNumber>
          <Latitude xsi:nil="true"></Latitude>
          <Line1 xsi:nil="true"></Line1>
          <Line2 xsi:nil="true"></Line2>
          <Line3 xsi:nil="true"></Line3>
          <Longitude xsi:nil="true"></Longitude>
          <Name xsi:nil="true"></Name>
          <PostalCode xsi:nil="true"></PostalCode>
          <PostOfficeBox xsi:nil="true"></PostOfficeBox>
          <PrimaryContactName xsi:nil="true"></PrimaryContactName>
          <ShippingMethodCode>1</ShippingMethodCode>
          <StateOrProvince xsi:nil="true"></StateOrProvince>
          <Telephone1 xsi:nil="true"></Telephone1>
          <Telephone2 xsi:nil="true"></Telephone2>
          <Telephone3 xsi:nil="true"></Telephone3>
          <TimeZoneRuleVersionNumber xsi:nil="true"></TimeZoneRuleVersionNumber>
          <UPSZone xsi:nil="true"></UPSZone>
          <UTCOffset xsi:nil="true"></UTCOffset>
          <UTCConversionTimeZoneCode xsi:nil="true"></UTCConversionTimeZoneCode>
        </Address>
        <Address>
          <AddressNumber>2</AddressNumber>
          <AddressTypeCode>1</AddressTypeCode>
          <City xsi:nil="true"></City>
          <County xsi:nil="true"></County>
          <Country xsi:nil="true"></Country>
          <Fax xsi:nil="true"></Fax>
          <FreightTermsCode xsi:nil="true"></FreightTermsCode>
          <ImportSequenceNumber xsi:nil="true"></ImportSequenceNumber>
          <Latitude xsi:nil="true"></Latitude>
          <Line1 xsi:nil="true"></Line1>
          <Line2 xsi:nil="true"></Line2>
          <Line3 xsi:nil="true"></Line3>
          <Longitude xsi:nil="true"></Longitude>
          <Name xsi:nil="true"></Name>
          <PostalCode xsi:nil="true"></PostalCode>
          <PostOfficeBox xsi:nil="true"></PostOfficeBox>
          <PrimaryContactName xsi:nil="true"></PrimaryContactName>
          <ShippingMethodCode>1</ShippingMethodCode>
          <StateOrProvince xsi:nil="true"></StateOrProvince>
          <Telephone1 xsi:nil="true"></Telephone1>
          <Telephone2 xsi:nil="true"></Telephone2>
          <Telephone3 xsi:nil="true"></Telephone3>
          <TimeZoneRuleVersionNumber xsi:nil="true"></TimeZoneRuleVersionNumber>
          <UPSZone xsi:nil="true"></UPSZone>
          <UTCOffset xsi:nil="true"></UTCOffset>
          <UTCConversionTimeZoneCode xsi:nil="true"></UTCConversionTimeZoneCode>
        </Address>
      </Addresses>
    </Publisher>
    <RootComponents>
      <RootComponent type="1" schemaName="aaduser" behavior="1" />
      <RootComponent type="1" schemaName="aaw_project" behavior="0" />
      <RootComponent type="1" schemaName="aaw_projectprocess" behavior="0" />
      <RootComponent type="1" schemaName="aaw_theme" behavior="0" />
      <RootComponent type="9" schemaName="aaw_domains" behavior="0" />
      <RootComponent type="9" schemaName="aaw_projectcategories" behavior="0" />
      <RootComponent type="9" schemaName="aaw_raygratings" behavior="0" />
      <RootComponent type="9" schemaName="aaw_reportlevels" behavior="0" />
      <RootComponent type="29" id="{12d9c17a-78ff-ef11-bae3-6045bd0da0de}" behavior="0" />
      <RootComponent type="29" id="{21b9a91b-e8fd-ef11-bae3-6045bd0da0de}" behavior="0" />
      <RootComponent type="29" id="{67d60e47-cc07-f011-bae3-6045bd0da0de}" behavior="0" />
      <RootComponent type="29" id="{68a8c950-e3fd-ef11-bae3-6045bd0da0de}" behavior="0" />
      <RootComponent type="29" id="{ef365097-75ff-ef11-bae3-6045bd0da0de}" behavior="0" />
      <RootComponent type="60" id="{98425592-e4fd-ef11-bae3-6045bd0da0de}" behavior="0" />
      <RootComponent type="61" schemaName="aaw_ProjectFormFunctions" behavior="0" />
      <RootComponent type="61" schemaName="aaw_projectsvgrepocom" behavior="0" />
      <RootComponent type="61" schemaName="aaw_themessvgrepocom" behavior="0" />
      <RootComponent type="62" schemaName="aaw_PPUGMar2025" behavior="0" />
      <RootComponent type="80" schemaName="aaw_PPUGMar2025" behavior="0" />
    </RootComponents>
    <MissingDependencies>
      <MissingDependency>
        <Required type="1" schemaName="aaduser" displayName="Microsoft Entra ID" solution="MetadataExtension (1.0.2.109)">
          <package appName="Data Modeling Extensions Package" version="1.0.0.34">msft_AsyncAttributeMetadataApp (1.0.0.34)</package>
        </Required>
        <Dependent type="1" schemaName="aaduser" displayName="Microsoft Entra ID" />
      </MissingDependency>
      <MissingDependency>
        <Required type="1" schemaName="aaduser" displayName="Microsoft Entra ID" solution="MetadataExtension (1.0.2.109)">
          <package appName="Data Modeling Extensions Package" version="1.0.0.34">msft_AsyncAttributeMetadataApp (1.0.0.34)</package>
        </Required>
        <Dependent type="80" schemaName="aaw_PPUGMar2025" displayName="PPUGMar2025" />
      </MissingDependency>
      <MissingDependency>
        <Required type="61" schemaName="msdyn_/Images/AppModule_Default_Icon.png" displayName="msdyn_/Images/AppModule_Default_Icon.png" solution="AppModuleWebResources (2.5)">
          <package appName="AppModule Web Resources Package" version="2.5">AppModuleWebResources (2.5)</package>
        </Required>
        <Dependent type="80" schemaName="aaw_PPUGMar2025" displayName="PPUGMar2025" />
      </MissingDependency>
      <MissingDependency>
        <Required type="66" schemaName="Microsoft.PowerApps.PowerAppsOneGrid" displayName="Microsoft.PowerApps.PowerAppsOneGrid" solution="BaseCustomControlsCore (9.0.2503.5009)">
          <package appName="Base Custom Controls" version="9.0.2503.5009">BaseCustomControlsCore (9.0.2503.5009)</package>
        </Required>
        <Dependent type="26" schemaName="Active Themes" displayName="Active Themes" parentSchemaName="aaw_theme" parentDisplayName="Theme" id="{6fa69fdd-a5bc-4e22-a265-cdfe955660b4}" />
      </MissingDependency>
      <MissingDependency>
        <Required type="66" schemaName="Microsoft.PowerApps.PowerAppsOneGrid" displayName="Microsoft.PowerApps.PowerAppsOneGrid" solution="BaseCustomControlsCore (9.0.2503.5009)">
          <package appName="Base Custom Controls" version="9.0.2503.5009">BaseCustomControlsCore (9.0.2503.5009)</package>
        </Required>
        <Dependent type="60" displayName="Information" parentDisplayName="Project" id="{ff8bcd73-5d8c-4c86-817a-ebbaa7d5105f}" />
      </MissingDependency>
      <MissingDependency>
        <Required type="SettingDefinition" displayName="AppChannel" solution="msdyn_AppFrameworkInfraExtensions (1.0.0.12)" id.uniquename="AppChannel">
          <package appName="PowerAppsAppFramework Package" version="1.0.0.17">PowerAppsAppFramework_Anchor (1.0.0.17)</package>
        </Required>
        <Dependent type="AppSetting" displayName="parentappmoduleid.uniquename=aaw_PPUGMar2025,settingdefinitionid.uniquename=AppChannel" id.parentappmoduleid.uniquename="aaw_PPUGMar2025" id.settingdefinitionid.uniquename="AppChannel" />
      </MissingDependency>
    </MissingDependencies>
  </SolutionManifest>
</ImportExportXml>